{"cameraMode":{"drawMode":0,"name":"Shaded","section":"Shading Mode"},"sceneLighting":false,"audioPlay":false,"sceneViewState":{"showFog":true,"showMaterialUpdate":false,"showSkybox":false,"showFlares":true,"showImageEffects":true,"showParticleSystems":true},"in2DMode":false,"pivot":{"x":0.000013470649719238281,"y":0.866883397102356,"z":-0.08915624022483826},"rotation":{"x":-0.16837772727012635,"y":-0.5579813122749329,"z":0.11682720482349396,"w":-0.8041689991950989},"size":1.1189531087875367,"orthographic":false}