{"cameraMode":{"drawMode":0,"name":"Shaded","section":"Shading Mode"},"sceneLighting":true,"audioPlay":false,"sceneViewState":{"showFog":true,"showMaterialUpdate":false,"showSkybox":true,"showFlares":true,"showImageEffects":true,"showParticleSystems":true},"in2DMode":false,"pivot":{"x":-1.650529384613037,"y":1.8792078495025635,"z":3.103788137435913},"rotation":{"x":0.028512129560112954,"y":0.947624683380127,"z":-0.08838269859552384,"w":0.30563613772392275},"size":1.792604923248291,"orthographic":false}